-- MySQL dump 10.13  Distrib 8.0.18, for Win64 (x86_64)
--
-- Host: localhost    Database: bdpendientes
-- ------------------------------------------------------
-- Server version	8.0.18

/*!40101 SET @OLD_CHARACTER_SET_CLIENT=@@CHARACTER_SET_CLIENT */;
/*!40101 SET @OLD_CHARACTER_SET_RESULTS=@@CHARACTER_SET_RESULTS */;
/*!40101 SET @OLD_COLLATION_CONNECTION=@@COLLATION_CONNECTION */;
/*!50503 SET NAMES utf8mb4 */;
/*!40103 SET @OLD_TIME_ZONE=@@TIME_ZONE */;
/*!40103 SET TIME_ZONE='+00:00' */;
/*!40014 SET @OLD_UNIQUE_CHECKS=@@UNIQUE_CHECKS, UNIQUE_CHECKS=0 */;
/*!40014 SET @OLD_FOREIGN_KEY_CHECKS=@@FOREIGN_KEY_CHECKS, FOREIGN_KEY_CHECKS=0 */;
/*!40101 SET @OLD_SQL_MODE=@@SQL_MODE, SQL_MODE='NO_AUTO_VALUE_ON_ZERO' */;
/*!40111 SET @OLD_SQL_NOTES=@@SQL_NOTES, SQL_NOTES=0 */;

--
-- Table structure for table `estatuspendiente`
--

DROP TABLE IF EXISTS `estatuspendiente`;
/*!40101 SET @saved_cs_client     = @@character_set_client */;
/*!50503 SET character_set_client = utf8mb4 */;
CREATE TABLE `estatuspendiente` (
  `id` int(11) NOT NULL AUTO_INCREMENT,
  `estatus` varchar(20) NOT NULL,
  PRIMARY KEY (`id`),
  UNIQUE KEY `id_UNIQUE` (`id`)
) ENGINE=InnoDB AUTO_INCREMENT=5 DEFAULT CHARSET=utf8;
/*!40101 SET character_set_client = @saved_cs_client */;

--
-- Dumping data for table `estatuspendiente`
--

LOCK TABLES `estatuspendiente` WRITE;
/*!40000 ALTER TABLE `estatuspendiente` DISABLE KEYS */;
INSERT INTO `estatuspendiente` VALUES (1,'Nuevo'),(2,'Leido'),(3,'Finalizado'),(4,'Deshabilitado');
/*!40000 ALTER TABLE `estatuspendiente` ENABLE KEYS */;
UNLOCK TABLES;

--
-- Table structure for table `pendientes`
--

DROP TABLE IF EXISTS `pendientes`;
/*!40101 SET @saved_cs_client     = @@character_set_client */;
/*!50503 SET character_set_client = utf8mb4 */;
CREATE TABLE `pendientes` (
  `id` int(11) NOT NULL AUTO_INCREMENT,
  `fechaCreacion` datetime NOT NULL,
  `fechaEntrega` datetime NOT NULL,
  `descripcion` varchar(250) NOT NULL,
  `idEstatusPendiente` int(11) NOT NULL,
  `observaciones` varchar(250) NOT NULL,
  `idPersonaQueAsigno` int(11) NOT NULL,
  `idPersonaAsignado` int(11) NOT NULL,
  `solucionPendiente` varchar(250) NOT NULL,
  PRIMARY KEY (`id`),
  UNIQUE KEY `id_UNIQUE` (`id`),
  KEY `fkPendEstatus_idx` (`idEstatusPendiente`),
  KEY `fkidPersAsignoPersona_idx` (`idPersonaQueAsigno`),
  KEY `fkidPersonaasignadoPerson_idx` (`idPersonaAsignado`),
  CONSTRAINT `fkPendEstatus` FOREIGN KEY (`idEstatusPendiente`) REFERENCES `estatuspendiente` (`id`),
  CONSTRAINT `fkidPersAsignoPersona` FOREIGN KEY (`idPersonaQueAsigno`) REFERENCES `personas` (`id`),
  CONSTRAINT `fkidPersonaasignadoPerson` FOREIGN KEY (`idPersonaAsignado`) REFERENCES `personas` (`id`)
) ENGINE=InnoDB AUTO_INCREMENT=424 DEFAULT CHARSET=utf8;
/*!40101 SET character_set_client = @saved_cs_client */;

--
-- Dumping data for table `pendientes`
--

LOCK TABLES `pendientes` WRITE;
/*!40000 ALTER TABLE `pendientes` DISABLE KEYS */;
INSERT INTO `pendientes` VALUES (1,'2018-07-09 00:00:00','2018-07-09 00:00:00','realizar pago trimestral de facturación, seńra mares',3,'se genero el documento para que ella pague en el banco, vence los dias 16 de cada mes y hoy es dia 10, entonces aclararle que el primer mes solo disfrutara 6 dias del sistema y si quiere que sean los tres meses completos, tiene que pagar el dia 16 d',1,3,''),(2,'2018-07-09 00:00:00','2018-07-12 00:00:00','IR A LOS COSMETICOS QUE ESTAN POR EL OXXO EN CALLE PROF. JOSE REYES CON EL SR JORGE, SE LE COBRO 1200 POR PONER 4 CAMARAS, TODAS ESTAN EN CORTITO POR ESO SE LE COBRO BARATO NO EXCEDEN DE 6 MTS DE DISTANCIA Y NO LLEVARA CANALETA, TAMPOCO REPISA NI PU',3,'YA QUEDARON INSTALADAS EL DIA 12 DE JULIO 2017',1,6,''),(3,'2018-07-09 00:00:00','2018-07-11 00:00:00','enviar cotizaciones de computadoras a morelos',3,'se concreto la venta',1,1,''),(4,'2018-07-09 00:00:00','2018-07-09 00:00:00','crear los documentos de pago para 6 meses de elvira del rio muńz',3,'listo',1,1,''),(5,'2018-07-10 00:00:00','2018-07-10 00:00:00','cotizar multifuncional laser, monocromayico hp o samsung de alto rendimiento y que sea compatible',3,'',2,1,''),(6,'2018-07-11 00:00:00','2018-07-19 00:00:00','darle seguimiento al facture que llevaran hoy',3,'hay que ampliar en facture la descripcion en un reporte ya que el cliente ocupa que asi salgan sus facturas',1,1,''),(7,'2018-07-11 00:00:00','2018-07-13 00:00:00','enviar cotizaciones a toń',3,'si quiso la impresora, ya se aparto ir jueves 12 por ella YA SE FACTURO Y YA PASARON POR ELLA',1,1,''),(8,'2018-07-10 00:00:00','2018-07-10 00:00:00','1000 timbres eforsa',3,'',1,7,''),(9,'2018-07-11 00:00:00','2018-07-19 00:00:00','Generar escritorio de servicios para geras en la nueva empresa y comprar 200 folios para asignarselos, tambien configurarle el noi para la nueva empresa',3,'ya quedo',1,5,''),(10,'2018-07-11 00:00:00','2018-07-12 00:00:00','llevarle a juan lara un cartucho de tinta para su impresora a la tienda',3,'',7,5,''),(11,'2018-07-11 00:00:00','2018-07-17 00:00:00','hacer el pago de la licencia de aspel de la seńra mares de preferencia ir al banco',3,'',11,5,''),(12,'2018-07-12 00:00:00','2018-07-13 00:00:00','conseguir cargador samsung de la foto what',3,'ya lo encargue.... solo esperar que llegue seran 750.00',2,1,''),(13,'2018-07-12 00:00:00','2018-07-16 00:00:00','dar lumpieza y conseguir cargador laptop pp esta en maletin negro y huele deamadre a vaca',3,'SE LE DIO LIMPIEZA Y EMPASTADO DE PROCESADOR, Y LIMPIEZA POR FUERA , ESTABA BIEN SUCIA, SE REPARO EL CARGADOR , SE SOLDO PUNTA EN CARGADOR.',2,6,''),(14,'2018-07-13 00:00:00','2018-07-13 00:00:00','ir a con jorge banda el de los cosmeticos a calar el disco duro ',3,'ya quedo era el cablecillo',1,1,''),(15,'2018-07-12 00:00:00','2018-07-13 00:00:00','LLEVAR 7 TONERS A ENRIQUE ESTRADA DEL TN1060    AVERO, FACTURARLOS MENORES A 2000 PARA QUE LOS PAGUEN EN EFECTIVO',3,'ya quedaron, también se pagaron',1,1,''),(16,'2018-07-13 00:00:00','2018-07-01 00:00:00','ir a notaria a instalar un programa que francis ya no pudo dirigirse con ella',3,'ya lo resolvio jechus hay que cobrar 120 de ese trabajo',3,1,''),(17,'2018-07-13 00:00:00','2018-07-13 00:00:00','pagar dominio en oxxo de soproti.com',3,'ya quedo',1,1,''),(18,'2018-07-13 00:00:00','2018-07-13 00:00:00','ir con los papas de botello a poner un cable un plug',3,'ya quedo',1,1,''),(19,'2018-07-13 00:00:00','2018-08-20 00:00:00','PAGO DE DOMINIO NO-IP APROXIMADAMENTE 1500 PESOS',3,'',1,1,''),(20,'2018-07-13 00:00:00','2018-08-30 00:00:00','GENERAR REPORTE DE COMPRAS, VENTAS DE SOPROTI DEL MES DE JULIO',3,'',11,6,''),(21,'2018-07-13 00:00:00','2018-08-30 00:00:00','GENERAR REPORTE DE COMPRAS, VENTAS DE SOPROTI DEL MES DE AGOSTO',3,'',8,1,''),(22,'2018-07-13 00:00:00','2018-09-24 00:00:00','GENERAR REPORTE DE COMPRAS, VENTAS DE SOPROTI DEL MES DE SEPTIEMBRE',3,'',2,1,''),(23,'2018-07-13 00:00:00','2018-10-25 00:00:00','GENERAR REPORTE DE COMPRAS, VENTAS DE SOPROTI DEL MES DE OCTUBRE',3,'',1,7,''),(24,'2018-07-13 00:00:00','2018-11-23 00:00:00','GENERAR REPORTE DE COMPRAS, VENTAS DE SOPROTI DEL MES DE NOVIEMBRE',3,'',2,2,''),(25,'2018-07-13 00:00:00','2018-12-21 00:00:00','GENERAR REPORTE DE COMPRAS, VENTAS DE SOPROTI DEL MES DE DICIEMBRE',3,'',1,1,''),(26,'2018-07-13 00:00:00','2018-07-13 00:00:00','ELEVENTA - REVISAR COMPUTADORA ACER TODO EN UNO QUE TIENE EL SISTEMA ELEVENTA INSTALADO (NO ARRANCA SISTEMA ELEVENTA)',3,'SE REINSTALO EL SISTEMA ELEVENTA, NO SE BORRARON NADA DE DATOS.',7,2,''),(27,'2018-07-14 00:00:00','2018-07-24 00:00:00','llevar impresora de tickets a don pedro mercado de abastos... y traerse la que tiene porque dice que falla mucho',3,'SE CANCELO',11,1,''),(28,'2018-07-16 00:00:00','2018-07-19 00:00:00','FALLA CORREO DE SOPROTI - REVISAR FALLA Y REENVIAR FACTURAS DEL DIA 16 DE JULIO QUE NO SE HAN ENVIADO.',3,'ya funciona',1,2,''),(29,'2018-07-17 00:00:00','2018-07-18 00:00:00','COTIZACION PARA EL RANCHO',3,'YA SE ENVIO LA COTIZACION AL SR VICTO MONTOYA',9,5,''),(30,'2018-07-17 00:00:00','2018-07-18 00:00:00','cotizar pancho sistema y camaras',3,'YA SE LE ENVIARON DOS COTIZACIONES A FRANCISCO',1,5,''),(31,'2018-07-17 00:00:00','2018-07-19 00:00:00','cotizar cpu potente seminuevo',3,'SE ENVIO COTIZACION A RICARDO 4781021386, QUEDO DE CONFIRMAR SI LO COMPRA O NO.',1,5,''),(32,'2018-07-20 00:00:00','2018-07-27 00:00:00','ir a agroferza miercoles a las 10 am para asesorarlos en sus procesos ya que sigue habiendo dudas, tendra un costo aparte',3,'ya quedo se termino el jueves y ya se facturo.... ya pagaron tambien',2,1,''),(33,'2018-07-20 00:00:00','2018-07-20 00:00:00','COTIZAR LAPTOP INTEL CORE I5 PARA TOŃO CON 4 DE RAM MINIMO, 500 DE DISCO DURO MINIMO',3,'listo ya se facturo',7,1,''),(34,'2018-07-20 00:00:00','2018-07-23 00:00:00','ESPERAR LLAMADA DE TEJACTRON PARA CERRAR EL TEMA DE LAS ADUANAS',3,'ya termine y ya les facgture',9,1,''),(35,'2018-07-21 00:00:00','2018-07-23 00:00:00','FACTURARLE A TEJACTRON',3,'ya quedo facturado',11,6,''),(36,'2018-07-23 00:00:00','2018-07-23 00:00:00','COTIZARLE A FERREMATERIALES PROGRESO UN DVR DE 8 CON 4 CAMARAS Y CABLES LARGOS YA HAY UNA COTIZACION PREVIA, COTIZARLE SIN SERVICIO SOLO LA CONFIGURACION PARA INTERNET COTIZAR DE 1080 Y DE 720P',3,'',8,1,''),(37,'2018-07-23 00:00:00','2018-07-24 00:00:00','IR POR LOS CARTUCHOS 504 DE EPSON, YA ESTAN PAGADOS, SE ENTREGAN MARTES DESPUES DE MEDIO DIA, COMPRAR TINTA NEGRA DE EPSON 504',3,'YA SE RECOGIERON Y SE ETIQUETARON',1,1,''),(38,'2018-07-23 00:00:00','2018-08-13 00:00:00','REFACCIONES VILLELA : INSTALACION Y CONFIGURACION DE IMPRESORA ZEBRA DE ETIQUETAS',3,'actividad duplicada',1,2,''),(39,'2018-07-23 00:00:00','2018-07-27 00:00:00','hacerle cotizacion a don manuel de camaras y terminarle sus configuraciones',3,'ya se mandaron',1,5,''),(40,'2018-07-25 00:00:00','2018-07-27 00:00:00','ir con los mares 11:00 a configurar y capacitar a mares sobre reconfiguracion',3,'se cancelo no funciono su dvr',1,5,''),(41,'2018-07-25 00:00:00','2018-07-27 00:00:00','ir a mariscos del centro mańana viernes 11:30 am',3,'fui pero no encontre a la seńra',1,5,''),(42,'2018-07-25 00:00:00','2018-07-25 00:00:00','factura ricardo',3,'',1,5,''),(43,'2018-07-26 00:00:00','2018-07-30 00:00:00','LLAMARA A LA 1 PM CON ALEJANDRO PARA SOLUCIONARLE SU XML SERAN 700',3,'',1,5,''),(44,'2018-07-26 00:00:00','2018-07-27 00:00:00','COTIZARLE MONITOR A VERO SIMILARES',3,'ya se le cotizo',1,5,''),(45,'2018-07-24 00:00:00','2018-07-24 00:00:00','mandarle las facturas a ofelia',3,'',1,5,''),(46,'2018-07-24 00:00:00','2018-07-27 00:00:00','pago de luz el dia 3 de agosto 2018 es por 1105.00',3,'',9,5,''),(47,'2018-07-24 00:00:00','2018-07-28 00:00:00','ir con martha dhical para que le coticemos camaras el sabado a las 11:30 am',3,'',7,5,''),(48,'2018-07-26 00:00:00','2018-08-17 00:00:00','AGROACSA-- HABLAR CON EL ING. MARCELINO PARA VER TEMA DE SERVIDOR',3,'',8,2,''),(49,'2018-07-26 00:00:00','2018-08-23 00:00:00','REFACCIONES VILLELA -- IR A CONFIGURAR IMPRESORA DE ETIQUETAS',3,'',2,7,''),(50,'2018-07-26 00:00:00','2018-07-27 00:00:00','pagarle 2 meses de facture a jimy',3,'',1,5,''),(51,'2018-07-27 00:00:00','2018-08-06 00:00:00','AGROFERZA - FORMATEAR 2 COMPUTADORAS LUNES 30 O MARTES 31',3,'',4,2,''),(52,'2018-07-27 00:00:00','2018-08-01 00:00:00','visitar a fernando a las 6 pm, carretera panamericana km 694 gral enrique estrada, 492 1030214',3,'',2,1,''),(53,'2018-07-27 00:00:00','2018-08-01 00:00:00','COBRARLE A JIMI 204 PESOS DE DOS MESES DE FACTURE PAGADOS',3,'',11,1,''),(54,'2018-07-27 00:00:00','2018-08-20 00:00:00','hay que darle seguimiento a los sres de san jose de lourdes (rodolfo rodriques) 493 118 8169 para darle seguimiento  y lo mismo a peter el de los menonitas 671 106 9636',3,'',1,5,''),(55,'2018-07-27 00:00:00','2018-07-27 00:00:00','cotizar toner a toń',3,'ya se le cotizo y si lo quiso',1,5,''),(56,'2018-07-27 00:00:00','2018-07-30 00:00:00','TONER PARA TOŃO PARA UNA SHARP AL-2031',3,'ya se le facturo',1,2,''),(57,'2018-07-27 00:00:00','2018-07-28 00:00:00','GONZALO  478 100 7920  LLAMAR PARA COTIZAR DISCO DURO CON CARCASA',3,'',1,5,''),(58,'2018-07-28 00:00:00','2018-07-28 00:00:00','Se solicita un switch de 8 puertos para manuel (el mismo lo solicita de favor).',3,'',1,5,''),(59,'2018-07-28 00:00:00','2018-08-06 00:00:00','PAGAR LA RENTA',3,'',7,5,''),(60,'2018-07-28 00:00:00','2018-07-30 00:00:00','IR A PONERLE UN CABLE A ROMAN A SU CASA',3,'',1,5,''),(61,'2018-07-30 00:00:00','2018-08-01 00:00:00','IR A LAS 8 AM A CABLEAR A MARISCOS DEL CENTRO, SERIA MIERCOLES Y JUEVES',3,'ya quedo',1,7,''),(62,'2018-07-31 00:00:00','2018-08-06 00:00:00','ir a revisar cpu angelical pantallazo azul ',3,'',9,5,''),(63,'2018-07-30 00:00:00','2018-08-01 00:00:00','IR CON ERWIN CHECADOR',3,'',1,5,''),(64,'2018-07-30 00:00:00','2018-08-01 00:00:00','CPU JUANMART',3,'',1,6,''),(65,'2018-07-30 00:00:00','2018-08-08 00:00:00','MANDAR LAPTOP A GUADALAJARA',3,'',1,5,''),(66,'2018-07-30 00:00:00','2018-08-06 00:00:00','DVR DEL NOTARIO SIJALA, HAY QUE AVISARLE Y COTIZARLE EL SERVICIO DE INSTALACION, DD, 4 CABLES FUENTE PARA ENCENDERLO, FUENTES PARA CAMARAS Y CANALETA SERVICIO Y REPISA',3,'YA SE LE COTIZO Y SE LE PASO PRECIO POR TELEFONO, ',8,5,''),(67,'2018-08-01 00:00:00','2018-08-01 00:00:00','enviar temario a tejactron',3,'',1,1,''),(68,'2018-08-03 00:00:00','2018-08-04 00:00:00','facturarle a ferremateriales y a la sra de los mariscos y a erwin',3,'',11,5,''),(69,'2018-08-03 00:00:00','2018-08-06 00:00:00','revisar laptop de toń',3,'',1,5,''),(70,'2018-08-04 00:00:00','2018-08-08 00:00:00','encargar cargador de gerardo hp 19v 4.7a',3,'',1,5,''),(71,'2018-08-04 00:00:00','2018-08-11 00:00:00','cotizar celulares vorago 500 y 504 para RIcardo Cacique  teléfono 7441192359  ',3,'',1,5,''),(72,'2018-08-06 00:00:00','2018-08-06 00:00:00','REFACCIONARIA VILLELA: configurar impresora de etiquetas',3,'',2,2,''),(73,'2018-08-06 00:00:00','2018-08-06 00:00:00','MARISCOS EL COSTEŃO: REVISAR MAŃANA A LAS 10 AM FALLA EN MINIPRINTER DE CAJA PRINCIPAL',3,'',2,2,''),(74,'2018-08-11 00:00:00','2018-08-13 00:00:00','HABLAR CLIENTE INTEREZADO EN LAPTOP DELL I5 DE USO, CARLOS GABRIEL ESCOBEDO CELULAR 4921318971',3,'',1,5,''),(75,'2018-08-13 00:00:00','2018-08-13 00:00:00','cotizar a erika y a tecnica 65',3,'',1,5,''),(76,'2018-08-13 00:00:00','2018-08-13 00:00:00','llevar a dońa charo su aparato',3,'',1,5,''),(77,'2018-08-14 00:00:00','2018-08-14 00:00:00','meter las compras de ayer',3,'',7,5,''),(78,'2018-08-14 00:00:00','2018-08-14 00:00:00','hablarle a gerardo que ya esta su cargador nos costo a 549 ',3,'',8,5,''),(79,'2018-08-14 00:00:00','2018-08-14 00:00:00','hablarle a toń ya que ya llego su pila seran 850',3,'',8,7,''),(80,'2018-08-14 00:00:00','2018-08-14 00:00:00','ir con dońa charo despues de las 6 pm por su cpu para limpiarlo y formatearlo',3,'',11,5,''),(81,'2018-08-14 00:00:00','2018-08-14 00:00:00','darle seguimiento a los mares en sus sistemas',3,'',1,5,''),(82,'2018-08-14 00:00:00','2018-08-14 00:00:00','cotizarle a erika las cajas de rollo',3,'',1,5,''),(83,'2018-08-14 00:00:00','2018-08-20 00:00:00','COTIZARLE COI A MARTHA',3,'',1,5,''),(84,'2018-08-14 00:00:00','2018-08-14 00:00:00','TRABAJAR CPU DE FRANCISCO PARA INSTALARLE ASPEL CAJA CON LICENCIA',3,'',1,5,''),(85,'2018-08-15 00:00:00','2018-08-22 00:00:00','IR A FRESNILLO EL MARTES CON ERIKA A LLEVAR SUS DOS EQUIPOS, LLEVARLE KIT DE TECLADO Y MOUSE Y LLEVAR CABLE PARA CABLEAR DOS EQUIPOS DE COMPUTO, LLEVAR NOBREAK Y LECTORES',3,'',1,5,''),(86,'2018-08-16 00:00:00','2018-08-20 00:00:00','ir a llevar toner y cheques mandara una impresora',2,'',1,5,''),(87,'2018-08-17 00:00:00','2018-08-30 00:00:00','HAY QUE HACERLE AL NOTARIO SU FACTURA EN FORMA DE PAGO CHEQUE CORRESPONDIENTE A EL MES DE JULIO, SON 350 DE CADA QUINCENA, APARTE CREO QUE EN LOS COBROS PENDIENTES ESTAN 120 DE UNA VISITA REPARACION DE NAVEGADOR WEB CON FRANCIS Y TAMBIEN HAY QUE FAC',3,'',2,1,''),(88,'2018-08-17 00:00:00','2018-08-20 00:00:00','hablar a tuberías y ademes y decirles que no funciono la impresora para regresarselas',3,'',2,2,''),(89,'2018-08-20 00:00:00','2018-08-22 00:00:00','ir a fritoys y a dulceria miky',3,'',7,5,''),(90,'2018-08-20 00:00:00','2018-08-31 00:00:00','hay que instalar a los de tejactron los modulos de recepcion de pagos PERO EMPEZAMOS EL DIA 1',3,'',1,5,''),(91,'2018-08-22 00:00:00','2018-08-22 00:00:00','HAY QUE MANDAR LOS CORREOS DE CAPACITACION ASPEL A QUIEN YA MANDO CORREOS',3,'',1,5,''),(92,'2018-08-22 00:00:00','2018-08-23 00:00:00','TERMINAR CPU FORMATEADO CON XP',3,'',11,5,''),(93,'2018-08-22 00:00:00','2018-08-22 00:00:00','IR CON PATY LA DE LA ESTETICA A SOLUCIONARLE LO DE SUS CAMARAS',3,'',8,1,''),(94,'2018-08-22 00:00:00','2018-08-22 00:00:00','HABLARRE AL JOVEN DE GONZALES ORTEGA PARA SOLUCIONARLE LO DE SU DVF',3,'',1,6,''),(95,'2018-08-22 00:00:00','2018-08-22 00:00:00','facturarle a mario alberto hernandez el equipo core i3 y hacerle el cobro o recepcion de cobro del anticipo, preguntarle a juan monto depositado',3,'',2,1,''),(96,'2018-08-22 00:00:00','2018-08-23 00:00:00','configurarle a tejacron recepcion de pagos',3,'',2,5,''),(97,'2018-08-22 00:00:00','2018-08-23 00:00:00','ir con aldo mares a hacer pruebas de la conexion de las camaras a marka',3,'',9,5,''),(98,'2018-08-23 00:00:00','2018-08-23 00:00:00','ir por toner y cable a steren',3,'',2,1,''),(99,'2018-08-23 00:00:00','2018-08-23 00:00:00','instalar avast en una maquina de agroquimicos calera se cobrara 150',3,'',1,1,''),(100,'2018-08-23 00:00:00','2018-08-24 00:00:00','PONER ACTUALIZACION A FACTURE A JAIME MARQUEZ',3,'',1,1,''),(101,'2018-08-23 00:00:00','2018-08-24 00:00:00','generar pago de 6 meses de jaime marquez miranda',3,'',7,1,''),(102,'2018-08-23 00:00:00','2018-08-23 00:00:00','cotizar a peter brown',3,'',1,5,''),(103,'2018-08-27 00:00:00','2018-08-27 00:00:00','INSTALAR A MADERERIA SANTA CRUZ SU SISTEMA',3,'YA QUEDO CONFIGURADO LA RECEPCION DE PAGOS.',2,1,''),(104,'2018-08-27 00:00:00','2018-08-29 00:00:00','CAPACITACION ASPEL',3,'',1,5,''),(105,'2018-08-27 00:00:00','2018-08-27 00:00:00','ir con la seńra Elizabeth problema de eleventa ahí en la salida a rio frio',3,'',1,5,''),(106,'2018-08-29 00:00:00','2018-08-29 00:00:00','hacer cotización para Gaby refaccionaria en la cual quiere 4 camaras con instalacion',3,'',1,5,''),(107,'2018-08-29 00:00:00','2018-08-29 00:00:00','terminar la laptop de mario',3,'',1,5,''),(108,'2018-08-29 00:00:00','2018-08-30 00:00:00','llevar lector de código de barras a cliente de san judas',3,'',8,5,''),(109,'2018-08-30 00:00:00','2018-08-30 00:00:00','enviar correo a sra de palimito para invitacion al curso de facture',3,'',1,5,''),(110,'2018-08-30 00:00:00','2018-08-30 00:00:00','configurar modulo de recepcion de pagos a la sra de palmito, ya pago',3,'',11,5,''),(111,'2018-08-30 00:00:00','2018-09-24 00:00:00','A: instalar modulo de recepcion de pagos a 3 sucursales de ferremateriales progreso, se les cobro 300 por sucursal',3,'',1,1,''),(112,'2018-08-30 00:00:00','2018-09-04 00:00:00','modificar los videos que se han gravado para tenerlos listos para los clientes',3,'',9,5,''),(113,'2018-08-30 00:00:00','2018-08-31 00:00:00','reunion con la madre eva moreno ( nueva directora ) a las 11 am para ver tema de mantenimiento a los proyectores',2,'',1,1,''),(114,'2018-08-30 00:00:00','2018-08-30 00:00:00','configurarle a eforsa modulo de recepcion de pagos hoy a las 2 pm',3,'',2,1,''),(115,'2018-08-30 00:00:00','2018-09-03 00:00:00','dar seguimiento al folio 172',3,'',3,7,''),(116,'2018-08-30 00:00:00','2018-09-03 00:00:00','formateo con respaldo con win 10 laptop-tablet acer contraseńa KEI',3,'terminado',3,3,''),(117,'2018-08-31 00:00:00','2018-08-31 00:00:00','ver caso israel y ver caso tere coyizaciones',3,'',1,5,''),(118,'2018-08-31 00:00:00','2018-08-31 00:00:00','ver caso israel y ver caso tere coyizaciones',3,'',7,5,''),(119,'2018-08-31 00:00:00','2018-08-31 00:00:00','ver caso israel y ver caso tere coyizaciones',3,'',1,5,''),(120,'2018-08-31 00:00:00','2018-08-31 00:00:00','IR A LAS 5:30 AL COLEGIO A LEVANTAR REQUERIMIENTOS',3,'',1,5,''),(121,'2018-08-31 00:00:00','2018-08-31 00:00:00','IR A LA ESCUELA SECUNDARIA TECNICA NUMERO 65 A VER LO DE UNA CAMARA',3,'',1,5,''),(122,'2018-08-31 00:00:00','2018-09-05 00:00:00','APOYAR A RAMIRO DE TABASCO EN GENERACION DE ETIQUETAS',3,'',1,5,''),(123,'2018-08-31 00:00:00','2018-09-03 00:00:00','laptop dell gris, cargador. formatear sin respaldo. ruben de jesus murillo, teléfono 4925837721',3,'terminado',8,3,''),(124,'2018-08-31 00:00:00','2018-08-31 00:00:00','cotizar cableado 60 mts cable exterior camara',3,'',1,5,''),(125,'2018-08-31 00:00:00','2018-08-31 00:00:00','cotizar dvr 2 camaras, 60 mts cable pasando de una calle a otra ',3,'',11,5,''),(126,'2018-08-31 00:00:00','2018-09-05 00:00:00','HABLAR A SOFTRESTAURANTE - PARA REVISAR CAMBIO DE DATOS EN TICKET DE VENTA MASIRCOS EL COSTEŃO',3,'',1,5,''),(127,'2018-08-31 00:00:00','2018-08-31 00:00:00','visitar a la Contadora Belia Salas cotizar camaras',3,'',1,5,''),(128,'2018-08-31 00:00:00','2018-09-03 00:00:00','laptop lenovo blanca con cargador, quitar contraseńa y regresar a estado de fabrica',3,'terminado',3,1,''),(129,'2018-08-31 00:00:00','2018-09-05 00:00:00','trabajar equipo de israel felix',3,'',1,5,''),(130,'2018-08-31 00:00:00','2018-09-05 00:00:00','visita materiales hernandez',3,'',1,7,''),(131,'2018-08-31 00:00:00','2018-09-13 00:00:00','MATERIALES HERNANDEZ, HABLAR EL DIA VIERNES PARA VER TEMA DE CAMARAS.',3,'',1,5,''),(132,'2018-08-31 00:00:00','2018-09-01 00:00:00','poner a piter su facture actualizado...',3,'',7,5,''),(133,'2018-08-31 00:00:00','2018-09-03 00:00:00','5:30 vuelta al colegio a cerrar requerimientos',3,'',1,5,''),(134,'2018-08-31 00:00:00','2018-09-01 00:00:00','VISITA A TEJACRON',3,'',1,5,''),(135,'2018-09-03 00:00:00','2018-09-03 00:00:00','ir mares 2 sucursales camaras',3,'',1,5,''),(136,'2018-09-03 00:00:00','2018-09-03 00:00:00','reenviar correos a tecnica 65',3,'',1,5,''),(137,'2018-09-03 00:00:00','2018-09-03 00:00:00','formar archivos hacienda y estados de cuenta desde nov 2017',3,'',2,2,''),(138,'2018-09-03 00:00:00','2018-09-15 00:00:00','COBRARLE A aldo mares nos debe dos cables hdmi de 1.8 mts de 100 pesos y 1400 de dos instalaciones remotas',3,'',1,5,''),(139,'2018-09-04 00:00:00','2018-09-04 00:00:00','ir con dońa charo antes de las 7:00  por su cpu',3,'',1,5,''),(140,'2018-09-04 00:00:00','2018-09-04 00:00:00','ir con dońa charo antes de las 7:00  por su cpu',3,'',1,5,''),(141,'2018-09-04 00:00:00','2018-09-04 00:00:00','ir con dońa charo antes de las 7:00  por su cpu',3,'',1,5,''),(142,'2018-09-04 00:00:00','2018-09-04 00:00:00','ir con dońa charo antes de las 7:00  por su cpu',3,'',8,5,''),(143,'2018-09-04 00:00:00','2018-09-04 00:00:00','ir con dońa charo antes de las 7:00  por su cpu',3,'',1,5,''),(144,'2018-09-04 00:00:00','2018-09-04 00:00:00','ir con dońa charo antes de las 7:00  por su cpu',3,'',1,5,''),(145,'2018-09-04 00:00:00','2018-09-04 00:00:00','ir con dońa charo antes de las 7:00  por su cpu',3,'',1,6,''),(146,'2018-09-04 00:00:00','2018-09-05 00:00:00','ir con dońa charo antes de las 13:00 HRS  por su cpu',2,'se termino, se cobro 300',1,5,''),(147,'2018-09-04 00:00:00','2018-09-04 00:00:00','comprar 1000 folios a geras',3,'ya quedo fueron 835     la utilidad fue de 1165.00',1,1,''),(148,'2018-09-04 00:00:00','2018-09-04 00:00:00','instalar impresora de forma remota a toń ruiz',3,'fueron 100 pesos y ya quedo',11,7,''),(149,'2018-09-04 00:00:00','2018-09-05 00:00:00','instalar mybusiness pos a un cliente de panfilo natera de forma remota se le cobraron 500 que ya deposito',3,'',1,1,''),(150,'2018-09-04 00:00:00','2018-09-14 00:00:00','MINISUPER DEL MAGUEY _ TRAER UN KIT DE TECLADO Y MOUSE INALAMBRICO',3,'',7,2,''),(151,'2018-09-05 00:00:00','2018-09-05 00:00:00','hacer pago para 30 cajas de rollos',3,'',8,1,''),(152,'2018-09-05 00:00:00','2018-09-05 00:00:00','hacer cotizacion al chavo del minisuper pinedo',3,'',1,1,''),(153,'2018-09-05 00:00:00','2018-09-05 00:00:00','hacer cotizacion para el colegio',3,'',1,1,''),(154,'2018-09-05 00:00:00','2018-09-13 00:00:00','instalarle su sistema al joven jesus del taller de por la pepsi',3,'',1,1,''),(155,'2018-09-05 00:00:00','2018-09-05 00:00:00','cuentas x cobrar a ricardo 176 pesos factura 73',3,'',1,5,''),(156,'2018-09-05 00:00:00','2018-09-06 00:00:00','tratar de contactar a zaira entre 5 y 7 para instalar miniprinter remotamente',3,'',1,5,''),(157,'2018-09-05 00:00:00','2018-09-10 00:00:00','AGROFERZA - HABLAR PARA ACORDAD FORMA DE PAGO DE SALDO PENDIENTE',3,'',11,6,''),(158,'2018-09-05 00:00:00','2018-09-05 00:00:00','CONTACTAR AL CHAVO DE JEREZ PANCHO ME PASO EL CONTACTO',3,'',1,5,''),(159,'2018-09-05 00:00:00','2018-09-05 00:00:00','CONTACTAR AL CHAVO DE JEREZ PANCHO ME PASO EL CONTACTO',3,'',1,5,''),(160,'2018-09-05 00:00:00','2018-09-05 00:00:00','CONTACTAR AL CHAVO DE JEREZ PANCHO ME PASO EL CONTACTO',3,'',1,5,''),(161,'2018-09-05 00:00:00','2018-09-05 00:00:00','CONTACTAR AL CHAVO DE JEREZ PANCHO ME PASO EL CONTACTO',3,'',1,5,''),(162,'2018-09-05 00:00:00','2018-09-05 00:00:00','CONTACTAR AL CHAVO DE JEREZ PANCHO ME PASO EL CONTACTO',3,'',1,5,''),(163,'2018-09-05 00:00:00','2018-09-05 00:00:00','CONTACTAR AL CHAVO DE JEREZ PANCHO ME PASO EL CONTACTO',3,'',8,5,''),(164,'2018-09-05 00:00:00','2018-09-05 00:00:00','CONTACTAR AL CHAVO DE JEREZ PANCHO ME PASO EL CONTACTO',3,'',1,5,''),(165,'2018-09-05 00:00:00','2018-09-05 00:00:00','CONTACTAR AL CHAVO DE JEREZ PANCHO ME PASO EL CONTACTO',3,'',7,5,''),(166,'2018-09-05 00:00:00','2018-09-05 00:00:00','CONTACTAR AL CHAVO DE JEREZ PANCHO ME PASO EL CONTACTO',3,'',1,5,''),(167,'2018-09-05 00:00:00','2018-09-05 00:00:00','CONTACTAR AL CHAVO DE JEREZ PANCHO ME PASO EL CONTACTO',3,'',1,5,''),(168,'2018-09-05 00:00:00','2018-09-05 00:00:00','CONTACTAR AL CHAVO DE JEREZ PANCHO ME PASO EL CONTACTO',3,'',1,5,''),(169,'2018-09-05 00:00:00','2018-09-05 00:00:00','CONTACTAR AL CHAVO DE JEREZ PANCHO ME PASO EL CONTACTO',3,'',9,7,''),(170,'2018-09-05 00:00:00','2018-09-05 00:00:00','CONTACTAR AL CHAVO DE JEREZ PANCHO ME PASO EL CONTACTO',3,'',1,5,''),(171,'2018-09-05 00:00:00','2018-09-05 00:00:00','CONTACTAR AL CHAVO DE JEREZ PANCHO ME PASO EL CONTACTO',3,'',1,5,''),(172,'2018-09-05 00:00:00','2018-09-07 00:00:00','CONTACTAR AL CHAVO DE JEREZ PANCHO ME PASO EL CONTACTO',3,'',1,5,''),(173,'2018-09-06 00:00:00','2018-09-06 00:00:00','instalar miniprinter para roberto ',3,'listo le cobre 100 y los debe',1,1,''),(174,'2018-09-06 00:00:00','2018-09-07 00:00:00','hablarle sr juan carlos respaldo mybusinewd',3,'',1,5,''),(175,'2018-09-06 00:00:00','2018-09-13 00:00:00','facturarle a mares',3,'',8,6,''),(176,'2018-09-06 00:00:00','2018-09-10 00:00:00','facturarle a farmacias similares',3,'',2,2,''),(177,'2018-09-07 00:00:00','2018-09-07 00:00:00','cancelar la factura de ricardo y hacerla nuevamente con los datos que me envie',3,'',1,5,''),(178,'2018-09-07 00:00:00','2018-09-07 00:00:00','cotizacion cpu intel core i5 garmaz',3,'',1,5,''),(179,'2018-09-07 00:00:00','2018-09-07 00:00:00','GARMAZ - COTIZAR COMPUTADORA E IMPRESORA EPSON ECOTANK CON ESCANER',2,'',2,2,''),(180,'2018-09-07 00:00:00','2018-09-14 00:00:00','ASPEL SAE NOTAS DE CREDITO Y RECEPCION DE PAGOS CON MARTITA A LAS 12 DEL DIA',3,'',7,5,''),(181,'2018-09-11 00:00:00','2018-09-12 00:00:00','',3,'',11,2,''),(182,'2018-09-10 00:00:00','2018-09-13 00:00:00','facturarle a erika',3,'',1,7,''),(183,'2018-09-10 00:00:00','2018-09-10 00:00:00','hacer tres pagos',3,'',1,5,''),(184,'2018-09-12 00:00:00','2018-09-13 00:00:00','pagos toń',3,'',1,5,''),(185,'2018-09-12 00:00:00','2018-09-24 00:00:00','COMPRAR CARGADOR MINI LAPTOP - COTIZAR CARGADOR MINILAPTOP Y NOTIFICAR A LA SRA MARISELA ROGERO ORTIZ AL TEL. 478 98 52595, YA SE COTIZO CUESTA 450 PESOS, SE LE HA MARCADO PERO NO CONTESTA, avisar a correo rehum14@gmail.com cuando llegue',3,'',2,2,''),(186,'2018-09-13 00:00:00','2018-09-13 00:00:00','recepcion de pago de garmaz',3,'',1,5,''),(187,'2018-09-13 00:00:00','2018-09-14 00:00:00','antena del joven octavio',3,'',8,5,''),(188,'2018-09-13 00:00:00','2018-09-14 00:00:00','sacar 8 mil para pago de hacienda',3,'',9,5,''),(189,'2018-09-13 00:00:00','2018-09-13 00:00:00','cotizar maquina a dany',3,'',1,5,''),(190,'2018-09-13 00:00:00','2018-09-19 00:00:00','ir con alfredo hernandez tema de red',3,'',1,5,''),(191,'2018-09-13 00:00:00','2018-09-13 00:00:00','facturarle a tejacron',3,'',1,5,''),(192,'2018-09-13 00:00:00','2018-09-13 00:00:00','internet de pepe raygoza',3,'',1,5,''),(193,'2018-09-13 00:00:00','2018-09-28 00:00:00','D: pila laptop https://articulo.mercadolibre.com.mx/MLM-560749776-bateria-para-hp-695192-001-facturada-_JM, ya llego hay que ponersela y hay que formatear el equipo porque trae fallas, hay que respaldar todo',3,'ya se encargo esperar a que llegue, dejo 400 de aticipo',1,3,''),(194,'2018-09-13 00:00:00','2018-09-24 00:00:00','CONFIGURARLE A AZAEL ESCRITORIO REMOTO EN LA DULCE Y EN HERNANDEZ EN LOS SERVIDORES DE ASPEL 600 PESOS DE CADA UNO',3,'',1,5,''),(195,'2018-09-13 00:00:00','2018-09-13 00:00:00','mandar datos de facturacion a mercado libre',3,'',7,5,''),(196,'2018-09-13 00:00:00','2018-09-14 00:00:00','cotizarle telefonos a araceli palacios',3,'',11,6,''),(197,'2018-09-14 00:00:00','2018-09-17 00:00:00','visita a tecnica 65 para poner un proyector a las 11 am',3,'',1,7,''),(198,'2018-09-15 00:00:00','2018-09-17 00:00:00','ENVIAR COTIZACION DE PUNTO DED VENTA A MARCO ',3,'',2,2,''),(199,'2018-09-15 00:00:00','2018-09-17 00:00:00','HACER COMPRA DE PIEZA PARA LAPTOP ROJA',3,'',9,2,''),(200,'2018-09-15 00:00:00','2018-09-17 00:00:00','FACTURAR A HOMERO ACOSTA - TONER BROTHER TN 450',3,'',2,2,''),(201,'2018-09-15 00:00:00','2018-09-21 00:00:00','El curso sera el sabado 22 a las 10:30 hotel don miguel',3,'',1,5,''),(202,'2018-09-15 00:00:00','2018-09-17 00:00:00','llevar cotizacion y cpu a israel felix',3,'',1,5,''),(203,'2018-09-17 00:00:00','2018-09-19 00:00:00','llevarle cpu a angelical falta facturarle',3,'',1,5,''),(204,'2018-09-17 00:00:00','2018-09-22 00:00:00','lleevar teclado don pedro',3,'',1,5,''),(205,'2018-09-17 00:00:00','2018-09-17 00:00:00','factura ricardo',3,'YA SE ENVIO POR CORREO Y SE PUSO EN CUENTAS POR COBRAR SU PAGO',8,5,''),(206,'2018-09-17 00:00:00','2018-09-18 00:00:00','ir con geras perez eleventa',2,'',1,5,''),(207,'2018-09-17 00:00:00','2018-09-19 00:00:00','hacer pagos de hacienda',3,'',1,5,''),(208,'2018-09-17 00:00:00','2018-09-19 00:00:00','hacer cotizacion para instalacion de tres proyectores a una distancia aproximada de 15 mts, solo un salon ya tiene corriente de luz y un cable hdmi, las otras dos no tienen nada, aparte cotizar regulador y con canaleta puesta',3,'',1,5,''),(209,'2018-09-17 00:00:00','2018-09-24 00:00:00','B: ACTIVAR FACTURE - ALAN ARTURO - FDSNRR757217',3,'',2,2,''),(210,'2018-09-17 00:00:00','2018-09-21 00:00:00','B: PAGO DE TELEFONO',3,'',7,7,''),(211,'2018-09-15 00:00:00','2018-09-21 00:00:00','A: IR AL COLEGIO 2:30 PM A RECOGER LOS PROYECTORES Y A CABLEAR',3,'',1,5,''),(212,'2018-09-18 00:00:00','2018-09-19 00:00:00','conseguir disco duro ricardo y ensamblar el cpu que se le vendio',3,'',1,5,''),(213,'2018-09-18 00:00:00','2018-09-19 00:00:00','toners de roman',3,'',1,5,''),(214,'2018-09-19 00:00:00','2018-09-19 00:00:00','IR POR EL CAJON DE DINERO DE JUAN LARA JUEVES A LAS 11 AM',3,'',9,6,''),(215,'2018-09-15 00:00:00','2018-10-08 00:00:00','A: formatear equipo para ricardo con disco duro nuevo y ponerle el corel adicional hay que hablarle a ricardo para ver que sigue',3,'',1,5,''),(216,'2018-09-22 00:00:00','2018-09-29 00:00:00','SE PIDIO UN CARGADOR TOSHIBA 19V 2.37A PARA ARMANDO REVELES 4921086632 y MANDAR CORREO PORQUE NO TIENE SEŃAL EN EL TRABAJO armandorevill@gmail.com, el cargador se espera para el martes o mas tardar el jueves, debe $300',3,'lo entrego el Sr What',1,5,''),(217,'2018-09-22 00:00:00','2018-09-22 00:00:00','MANDAR FACTURA A LLANTISERVICIO ACOSTA POR CONCEPTO DE DOS TONER EL 450 Y EL 79A SE FACTURARON PERO NO SALIENRON LOS CORREOS DE MENCIONADAS FACTURAS DE FECHA 22 SEPTIEMBRE 2018',3,'SE CANCELARON LAS FACTURAS Y SE HICIERON NUEVAMENTE YA SE ENVIARON',1,5,''),(218,'2018-09-24 00:00:00','2018-09-24 00:00:00','A: INSTALAR BASCULA JUAN LARA EN SU NEGOCIO',3,'',1,5,''),(219,'2018-09-24 00:00:00','2018-10-04 00:00:00','A: IR A LA ESTETICA DE PATY QUE YA FALLARON DE NUEVO LAS CAMARAS',3,'',1,5,''),(220,'2018-09-24 00:00:00','2018-09-24 00:00:00','CONFIGURAR CORTE X A CLIENTE DE FELIPE ANGELES',3,'',8,5,''),(221,'2018-09-24 00:00:00','2018-09-26 00:00:00','IR A LA TECNICA 65 YA QUE AUTORIZARON LA INSTALACION DE DOS PROYECTORES UNO HDMI Y OTRO VGA',2,'',1,5,''),(222,'2018-09-24 00:00:00','2018-09-24 00:00:00','HABLARLE A NATIONAL SOFT PARA EL CASO DE CINDY',3,'',7,5,''),(223,'2018-09-24 00:00:00','2018-10-08 00:00:00','avisar a garrido sobre su cable si es que llego 478 107 0122, cel 478 100 8904 (lorena)',3,'',1,7,''),(224,'2018-09-15 00:00:00','2018-10-04 00:00:00','C: hacer pruebas con aspel coi porque el viernes se le instalara a martita',3,'',1,5,''),(225,'2018-09-25 00:00:00','2018-09-27 00:00:00','ir con ale a configurar impresora jueves',3,'',1,5,''),(226,'2018-09-15 00:00:00','2018-09-15 00:00:00','traerle un cable vga de 15 mts a pepe mejia y un cable divisor de vga',3,'',1,5,''),(227,'2018-09-26 00:00:00','2018-09-26 00:00:00','cotizaciones sedagro',3,'',1,5,''),(228,'2018-09-26 00:00:00','2018-09-26 00:00:00','avisar a lcarmen aspel.com.mx',3,'',1,5,''),(229,'2018-09-27 00:00:00','2018-10-08 00:00:00','GENERAR UNA MEMORIA LLENA DE MUSICA OCHENTERA POR EJEMPLO POP EN ESPAŃOL Y EN INGLES.... PARA ERWIN',3,'',5,5,''),(230,'2018-09-28 00:00:00','2018-09-29 00:00:00','cotizar cpu sra rosario',3,'',1,5,''),(231,'2018-09-28 00:00:00','2018-10-08 00:00:00','FACTURARLE A MARTHA DHICAL',3,'',1,5,''),(232,'2018-09-29 00:00:00','2018-09-29 00:00:00','FACTURARLE CAMARA A TECNICA 65',3,'',8,6,''),(233,'2018-09-29 00:00:00','2018-09-29 00:00:00','FACTURARLE A TEJACRON',3,'',1,5,''),(234,'2018-09-29 00:00:00','2018-09-29 00:00:00','hacer comprobante de pago de Mario alberto hernandez',3,'',1,5,''),(235,'2018-09-29 00:00:00','2018-09-29 00:00:00','COORDINARSE CON TONI A LAS 12 DEL DIA EL LUNES PARA VER LO DEL COI',3,'',1,5,''),(236,'2018-09-29 00:00:00','2018-10-03 00:00:00','PAGAR RECIBO LUZ $1,392 PAGAR EL 03 OCTUBRE 2018 FECHA LIMITE 04/OCT/2018',3,'',1,5,''),(237,'2018-09-15 00:00:00','2018-09-15 00:00:00','tapar la computaodra roja del disco duro, por lo pronto no lo quieren, se les cobro 200 de la revision',3,'',7,5,''),(238,'2018-09-15 00:00:00','2018-10-04 00:00:00','SOFTRESTAURANT. Hablar con Fernanda Tovar para agendar cita 492 103 4381',3,'',1,5,''),(239,'2018-10-03 00:00:00','2018-10-08 00:00:00','C: ASPEL CAJA - COTIZAR ASPEL CAJA E IMPRESORA DE ETIQUETAS.',3,'',2,2,''),(240,'2018-09-29 00:00:00','2018-10-03 00:00:00','PETER BRAUN - COBRAR Y FACTURAR',3,'',2,2,''),(241,'2018-10-04 00:00:00','2018-10-04 00:00:00','B: meter las compras de ayer y etiquetar los productos',3,'',1,5,''),(242,'2018-10-08 00:00:00','2019-01-18 00:00:00','A: ir con remigio por los documentos',3,'',1,5,''),(243,'2018-10-04 00:00:00','2018-10-10 00:00:00','B: PONER LAS CAMARAS DE SOPROTI',3,'',1,7,''),(244,'2018-10-04 00:00:00','2018-10-04 00:00:00','A: IR POR ANTICIPO A MARISCOS DEL CENTRO PARA EMPEZAR A HACER LAS COMPRAS',3,'',8,5,''),(245,'2018-10-04 00:00:00','2018-10-04 00:00:00','hablar con elena y con pepe para lo de su cpu y lo de las camaras de su tienda',3,'',1,5,''),(246,'2018-10-04 00:00:00','2018-10-04 00:00:00','quinto b enciendo computadora y huele a quemado',3,'',1,5,''),(247,'2018-10-04 00:00:00','2018-10-09 00:00:00','pagar tarjeta de credito es para el dia 10 o antes',3,'',1,5,''),(248,'2018-10-04 00:00:00','2018-10-04 00:00:00','HACER LOS PAGOS DE GARRIDO Y EL PAGO DEL CPU DE SOPROTI DE 4200',2,'',1,1,''),(249,'2018-10-04 00:00:00','2018-10-04 00:00:00','CANCELAR FACTURA A MORELOS Y GENERARLA NUEVA',3,'',1,6,''),(250,'2018-10-06 00:00:00','2018-10-06 00:00:00','COTIZACION ELENA',3,'',1,6,''),(251,'2018-10-06 00:00:00','2018-10-09 00:00:00','comprarle lector al geras',3,'',1,6,''),(252,'2018-10-09 00:00:00','2018-10-15 00:00:00','COBRAR 350 A VERO DE LA REPARACION DE UN FACTURE',3,'',11,1,''),(253,'2018-10-09 00:00:00','2018-10-09 00:00:00','ir agropecuaria calera no se ven las camaras en cel',3,'',1,6,''),(254,'2018-10-10 00:00:00','2018-10-10 00:00:00','ENCARGAR LA BATERIA DE 549',3,'',1,5,''),(255,'2018-10-11 00:00:00','2018-10-11 00:00:00','ir con alfredo de 11 a 12',3,'',1,5,''),(256,'2018-10-12 00:00:00','2018-10-12 00:00:00','HAY QUE HACERLE SU FACTURA A TOŃO POR EL LECTOR QUE SE LLEVO AYER',3,'',1,6,''),(257,'2018-10-13 00:00:00','2018-10-15 00:00:00','checar cpu ensamblado es de jimmy',3,'',1,5,''),(258,'2018-10-13 00:00:00','2018-10-13 00:00:00','checar mini lap que se les callo no enciende, posiblemente el disco duro',3,'',9,5,''),(259,'2018-10-14 00:00:00','2018-10-15 00:00:00','desde pagina 92 hasta pagina 101',3,'',6,6,''),(260,'2018-10-14 00:00:00','2018-10-16 00:00:00','pag 102 - 108',3,'',6,6,''),(261,'2018-10-14 00:00:00','2018-10-17 00:00:00','introduccion a las tablas, pag 109 a 128 son para Miercoles y Jueves de esta semana',3,'',6,7,''),(262,'2018-10-14 00:00:00','2018-10-19 00:00:00','capitulo 6 desde pagina 129 hasta pagina 156 dia 19,dia 20 y dia 21',3,'',8,6,''),(263,'2018-10-14 00:00:00','2018-10-15 00:00:00','Descargar gratis Camtasia Studio 8.6 Trial 30 días ',2,'',6,6,''),(264,'2018-10-14 00:00:00','2018-10-16 00:00:00','como renderizar tus videos',3,'',1,1,''),(265,'2018-10-14 00:00:00','2018-10-17 00:00:00','crear un logotipo miercoles 17 y jueves 18',3,'',6,6,''),(266,'2018-10-14 00:00:00','2018-10-19 00:00:00','viernes, sabado y domingo hacer un video para intros',3,'',6,6,''),(267,'2018-10-15 00:00:00','2018-10-18 00:00:00','noi mares',3,'',1,1,''),(268,'2018-10-15 00:00:00','2018-10-15 00:00:00','punto de venta TOŃO',3,'',11,1,''),(269,'2018-10-20 00:00:00','2018-10-20 00:00:00','comprar el cartucho de tinta 664 color (NOTA: NO TENEMOS NINGUNO)',3,'',1,5,''),(270,'2018-10-22 00:00:00','2018-10-24 00:00:00','Ir a revisar el lector de codigo de barras de Juan Espinoza a espaldas de la Pepsi minisuper spart   478 116 0014 tiene el sistema eleventa, despues de las 7:30 am.',3,'',9,1,''),(271,'2018-10-24 00:00:00','2018-10-30 00:00:00','trabajar cpu core i3 de roberto ponerle eleventa, tramitar licencia de la all in one y bd ',3,'',2,1,''),(272,'2018-10-24 00:00:00','2018-10-24 00:00:00','revisar laptop de los litos',3,'',1,1,''),(273,'2018-10-24 00:00:00','2018-10-24 00:00:00','hacer pago de tarjeta de credito',3,'',1,1,''),(274,'2018-10-24 00:00:00','2018-10-24 00:00:00','hacer recibo de pago y factura a dante de su ultimo cheque',3,'',2,6,''),(275,'2018-10-24 00:00:00','2018-10-24 00:00:00','ir por dvr sra anguiano',3,'ya fui',1,1,''),(276,'2018-10-24 00:00:00','2018-10-24 00:00:00','Buenos días de los tóner porfavor sería seis para la hp y ocho de la brother porfavor, facturarlos y llevarlos a enrique estrada',3,'',1,1,''),(277,'2018-10-24 00:00:00','2018-10-24 00:00:00','revisar laptop de gabriela felix aguilar hablarle cuando ya este lista al telefono 478 102 0401',3,'',8,1,''),(278,'2018-10-24 00:00:00','2018-10-24 00:00:00','ir por toner de erwin',3,'',2,1,''),(279,'2018-10-24 00:00:00','2018-10-24 00:00:00','ASPEL CAJA - COTIZAR EN RENTA Y LICENCIA PERMANENTE CON EQUIPO DE COMPUTO A FERRETERIA CARRILLO CN LA SRA DIANA ANDREA SALAS 4781057523',3,'',7,2,''),(280,'2018-10-25 00:00:00','2018-10-25 00:00:00','ir a llevar impresora e ir por compras',3,'',1,1,''),(281,'2018-10-25 00:00:00','2018-10-26 00:00:00','llevar dvr sra anguiano viernes despues de las 5 pm',2,'',1,1,''),(282,'2018-10-26 00:00:00','2018-10-30 00:00:00','MARISCOS DEL CENTRO - RESOLVER DUDA DE PERMISOS DE USUARIO Y TICKET',3,'',9,2,''),(283,'2018-10-26 00:00:00','2018-11-21 00:00:00','IR CON ERWIN - A REVISAR LA IMPRESORA YA QUE LOS 2 TONER NO QUEDARON.',3,'',2,2,''),(284,'2018-10-26 00:00:00','2018-10-30 00:00:00','PETER BRAUN - INSTALAR OFFICE',3,'',2,7,''),(285,'2018-10-29 00:00:00','2018-11-05 00:00:00','llamar a los de las impresoras para ver en que estatus esta la impresora de dhical ',3,'',2,1,''),(286,'2018-10-29 00:00:00','2018-11-05 00:00:00','TERMINAR SERVIDOR DE VEYMAR ABRIR PUERTOS, VER LO DE LAS IMPRESORAS Y MOVER EL CABLEADO',3,'',11,5,''),(287,'2018-10-29 00:00:00','2018-10-29 00:00:00','ir por la impresora que ya dejaron un anticipo de 1000 l3110 en zegucom y en ct casi cuesta lo mismo 2870, se vendio a 3600',3,'',1,5,''),(288,'2018-10-30 00:00:00','2018-10-30 00:00:00','ir a cambiar horario checador notario',3,'',1,5,''),(289,'2018-11-01 00:00:00','2018-11-01 00:00:00','impresora de dhical, camara de sra anguiano, documentos memo, visita roberto 3:30',3,'',1,5,''),(290,'2018-11-01 00:00:00','2018-11-05 00:00:00','KASPERSKY - COMPRAR LICENCIA Y ACTIVARLA EN COMPUTADORA DE DORA LARA 4922046083',3,'',2,2,''),(291,'2018-11-03 00:00:00','2018-11-05 00:00:00','COTIZACIÓN PARA SIMILARES, 15 CAJAS DE ROLLO MINIPRINTER, 10 TONER 85A  PARA ALEJANDRO DE SIMILARES 4787989310',3,'',7,5,''),(292,'2018-11-03 00:00:00','2018-11-05 00:00:00','GUAYABEROS - HACER VISITA A INSTALACIONES PARA ARMAR COTIZACION DE RED CON CABLE PANDUIT CAT 5E CON SWITCH, CAJA PARA RED Y FACE PLATE DOBLE UNO PARA RJ11 Y RJ45',3,'',8,2,''),(293,'2018-11-05 00:00:00','2018-11-12 00:00:00','pagarle a contador roman y mandarle documentacion',2,'',2,1,''),(294,'2018-11-05 00:00:00','2018-11-05 00:00:00','cotizar camaras a chavo de la gkloca 4 camaras',3,'',1,5,''),(295,'2018-11-05 00:00:00','2018-11-05 00:00:00','hablarle a la sra Sonia Nieto  Jaramillo  478 6861309 para buscar disco duro',3,'',9,1,''),(296,'2018-11-06 00:00:00','2018-11-06 00:00:00','membrana para rockola https://articulo.mercadolibre.com.mx/MLM-612072586-membrana-rockola-usb-con-control-remoto-_JM',3,'',1,6,''),(297,'2018-11-07 00:00:00','2018-11-10 00:00:00','FACTUARLE A ROBERTO LA INSTALACION DE CAMARAS',3,'',2,2,''),(298,'2018-11-07 00:00:00','2018-11-10 00:00:00','DESCARGAR E IMPRIMIR FACTURAS DEL BIMESTRE - Y LLEVARLAS CON EL CONTADOR',3,'',2,2,''),(299,'2018-11-07 00:00:00','2018-11-07 00:00:00','cotizarle camaras a 4781006864 fredy',3,'',1,5,''),(300,'2018-11-07 00:00:00','2018-11-07 00:00:00','encargar las memorias con paty',3,'',1,5,''),(301,'2018-11-08 00:00:00','2018-11-08 00:00:00','IR A LOS CORRALES CON PEPE Y A LA CASA DE PEPE A INSTALAR UNA IMPRESORA CON KARINA EN LA CASA Y LA OTRA CON ELENA',3,'',4,1,''),(302,'2018-11-08 00:00:00','2018-11-08 00:00:00','IR CON VEYMAR A PONER UNA IMPRESORA Y A ABRIR PUERTOS PARA SAE',3,'',1,1,''),(303,'2018-11-08 00:00:00','2018-11-12 00:00:00','HACER FACTURA DE TOŃO DE SUS DOS TONER 111 Y DE EL 120 CANON',3,'',7,1,''),(304,'2018-11-09 00:00:00','2018-11-12 00:00:00','MARCELINO - COTIZAR DESINSTALACION DE RED',3,'',2,2,''),(305,'2018-11-09 00:00:00','2018-11-09 00:00:00','HACER FACTURA A  PEPE',3,'',1,5,''),(306,'2018-11-10 00:00:00','2018-11-10 00:00:00','crear factura de similares por sus toners y por sus cajas',3,'',2,2,''),(307,'2018-11-10 00:00:00','2018-12-18 00:00:00','imprimirle la factura que esta pendiente de pago al notario el dia ultimo de noviembre junto con la factura de el reporte ademas hay que cobrarle el servicio que hizo jechus de solucion a pagina bancomer, impresion en red notario',3,'',8,5,''),(308,'2018-11-10 00:00:00','2018-11-10 00:00:00','GUAYAVEROS - ARMAR COTIZACION DE RED',3,'',2,6,''),(309,'2018-11-10 00:00:00','2018-11-21 00:00:00','LAPTOP DE ROBERTO - IR POR LAPTOP DE ROBERTO PARA REPARAR',3,'',2,2,''),(310,'2018-11-13 00:00:00','2018-11-17 00:00:00','IR A REVISAR LA MAQUINA DE DON MANUEL A LAS 11:30 AM',3,'',9,5,''),(311,'2018-11-15 00:00:00','2018-11-28 00:00:00','EL DIA 29 CURSO ASPEL EN LINEA CHECAR CORREO 14/11/2018 15:20 SERA A LAS 9 AM',3,'',1,7,''),(312,'2018-11-15 00:00:00','2018-11-15 00:00:00','hablar a la chica que trabaja con juan lara para la actualizacion del sistema alas 4 pm',3,'',1,5,''),(313,'2018-11-17 00:00:00','2018-11-17 00:00:00','CHECAR CAMARAS EN FUNDICION TIENEN FALLAS 9853631, que si les podían resolver hoy',3,'',11,5,''),(314,'2018-11-20 00:00:00','2018-11-21 00:00:00','CONFIGURARLE SU EMPRESA A GABY DE MERCADO DE ABASTOS PONERSE DEACUERDO CON ELLA',3,'',2,1,''),(315,'2018-11-20 00:00:00','2018-11-21 00:00:00','ir contadora monica a agroquimicos calera poste caido y no hay camaras',3,'',1,5,''),(316,'2018-11-21 00:00:00','2018-11-21 00:00:00','ir con la sra Lorena a solucionarle lo de su sistema Aspel facture',3,'',1,1,''),(317,'2018-11-21 00:00:00','2018-11-21 00:00:00','Hacer recepcion de pagos de Toń trailers',3,'',1,1,''),(318,'2018-11-21 00:00:00','2018-11-26 00:00:00','ir por dvr dhical para pruebas audio dos canales y ocupan otra camara',3,'',7,5,''),(319,'2018-11-21 00:00:00','2018-11-21 00:00:00','cotizacion 9 kaspersky y uno para servidor',3,'',1,5,''),(320,'2018-11-21 00:00:00','2018-11-21 00:00:00','FORMATEAR LA MAQUINA DE FRITOYS',3,'',1,1,''),(321,'2018-11-22 00:00:00','2018-11-22 00:00:00','FACTURAS DEL ARQUI MARES',3,'',8,5,''),(322,'2018-11-22 00:00:00','2018-11-26 00:00:00','EL SABADO A LAS 2 IR POR EL CPU DE LA SRA LORENA PARA FORMATEARLO Y ENTREGARSELO EL LUNES TEMPRANITO',3,'',1,1,''),(323,'2018-11-23 00:00:00','2018-11-23 00:00:00','MUSICA ERWIN - LEO DAN, ALBERTO VAZQUEZ, JOSE LUIS PERALES, ROBERTO CARLOS, DIEGO VERDAGUER, LAUREANO BRISUELA, ENANITOS VERDES.',3,'',1,7,''),(324,'2018-11-24 00:00:00','2018-12-04 00:00:00','PAGO DE LUZ CORTE EL DIA 4 DE DIC',3,'',1,5,''),(325,'2018-11-30 00:00:00','2018-12-04 00:00:00','IR A CON TERE DE COPY MAXY MARTES A LAS 3 PM',3,'',11,5,''),(326,'2018-12-04 00:00:00','2018-12-11 00:00:00','TERMINAR COMPUTADORA ASPEL CAJA PARA GUSTAVO DEL VILLAR',3,'',1,5,''),(327,'2018-12-04 00:00:00','2018-12-04 00:00:00','LLEVAR IMPRESORA EPSON Y TRAER IMPRESORA HP',3,'',1,5,''),(328,'2018-12-04 00:00:00','2018-12-11 00:00:00','LAPTOP DE PEPE RAYGOZA QUE NO LE FUNCIONA EL CARGADOR',3,'',1,5,''),(329,'2018-12-04 00:00:00','2018-12-04 00:00:00','LAPTOP DEL TECLADO HAY QUE PONERSELO',2,'',1,5,''),(330,'2018-12-04 00:00:00','2018-12-11 00:00:00','CAPTURAR LA MERCANCIA QUE TENEMOS ACUMULADA',3,'',1,5,''),(331,'2018-12-04 00:00:00','2018-12-11 00:00:00','LAPTOP DE PEPE RAYGOZA QUE NO ENCIENDE LA LENOVO',3,'',1,5,''),(332,'2018-12-04 00:00:00','2018-12-04 00:00:00','TERMINAR LAS ESTACIONES DE MATERIALES CONQUISTADORES',3,'',1,5,''),(333,'2018-12-04 00:00:00','2018-12-15 00:00:00','HACER COTIZACION A LA ESPOSA DE JUAN LARA ( 3 CAMARAS), DVR DE 8 CANALES, ADICIONAL PONER UN MICROFONO',3,'',7,5,''),(334,'2018-12-07 00:00:00','2018-12-07 00:00:00','Ir con el joven camerino no se ven sus camaras',3,'',1,5,''),(335,'2018-12-07 00:00:00','2018-12-11 00:00:00','ir con dany el lunes a cablear..., poner mybusinnes en red y programa de etiquetas y revisar checador',3,'',1,6,''),(336,'2018-12-07 00:00:00','2018-12-07 00:00:00','subir archivo a francisco lorenzo',3,'',1,5,''),(337,'2018-12-10 00:00:00','2018-12-10 00:00:00','hacerle la configuración de una nueva empresa al hijo de erika',3,'',1,5,''),(338,'2018-12-16 00:00:00','2018-12-17 00:00:00','cotizaciones sra lorena',3,'',1,7,''),(339,'2018-12-16 00:00:00','2018-12-18 00:00:00','cotizacion efren',3,'',1,1,''),(340,'2018-12-16 00:00:00','2018-12-18 00:00:00','solucion sr raudel',3,'',9,5,''),(341,'2018-12-16 00:00:00','2018-12-16 00:00:00','ir a conrar a dany',3,'',1,5,''),(342,'2018-12-16 00:00:00','2018-12-16 00:00:00','disco duro hermana de laura',3,'',1,5,''),(343,'2018-12-16 00:00:00','2018-12-16 00:00:00','pedir la laptop a pepe',3,'',11,5,''),(344,'2018-12-17 00:00:00','2018-12-18 00:00:00','Cotizacion HIjo de sr benitez.... coticele laaaaaaaa jejeje a su padrino',2,'',1,5,''),(345,'2018-12-18 00:00:00','2018-12-21 00:00:00','IR EL DIA VIERNES CON ANA LAURA 478 100 0378, EL LOCAL ESTA FRENTE A LAS TORTAS DE PEDRO MARTINEZ, DEJARLE EL EQUIPO QUE ESTA EN LA COTIZACION INSTALADO PASARLE USUARIOS Y CONTRASEŃAS.',3,'',1,5,''),(346,'2018-12-18 00:00:00','2018-12-18 00:00:00','FACTURARLE A TOŃO DOS TONER 950 CADA UNO, Y AVISARLE QUE AQUI HAY ANTENILLAS USB',3,'',1,5,''),(347,'2018-12-18 00:00:00','2018-12-31 00:00:00','ERIKA DEL RIO -- FACTURAR COMPUTADORA NUEVA',3,'',1,6,''),(348,'2018-12-18 00:00:00','2018-12-31 00:00:00','VECINA DE ROBERTO - VISITA PARA VENDERLE LECTOR DE CODIGO DE BARRAS CUADRADO',3,'',2,5,''),(349,'2018-12-18 00:00:00','2018-12-18 00:00:00','COTIZAR ELEVENTA A HIJA DE VERO',3,'',2,5,''),(350,'2018-12-26 00:00:00','2018-12-26 00:00:00','comprar toner, el modelo requerido esta en la mesa en una caja que no pertenece a el para Siapod telefono 4922057516',3,'',1,7,''),(351,'2018-12-26 00:00:00','2018-12-26 00:00:00','HACERLE FACTURA A FARMACIA SIMILARRES',3,'',7,5,''),(352,'2018-12-27 00:00:00','2018-12-27 00:00:00','ir con juan de la panaderia a cambiar una camara 720',3,'',9,5,''),(353,'2018-12-31 00:00:00','2019-01-03 00:00:00','ir con Daniela de Angelical a poner una vacuna antivirus a su equipo',3,'',1,5,''),(354,'2018-12-31 00:00:00','2019-01-02 00:00:00','Hay que configurar a las 11 am el modulo de nomina para subsidio',3,'',11,5,''),(355,'2019-01-02 00:00:00','2019-01-02 00:00:00','cotizar a toń un cpu',3,'',1,5,''),(356,'2019-01-02 00:00:00','2019-01-02 00:00:00','mandar pagos a vero',3,'',1,5,''),(357,'2019-01-02 00:00:00','2019-01-02 00:00:00','ir por cpu de dońa charo',3,'',1,5,''),(358,'2019-01-02 00:00:00','2019-01-07 00:00:00','agendar visita a toń trailers lunes 9:30 am para configuracion de escritorio remoto a piedras negras ',3,'',1,5,''),(359,'2019-01-02 00:00:00','2019-01-07 00:00:00','ir con israel Felix a poner un antivirus kaspersky y tambien a recoger una impresora que marca error',3,'',1,6,''),(360,'2019-01-02 00:00:00','2019-01-02 00:00:00','laptop de toń ruiz no abre autocad',3,'',1,3,''),(361,'2019-01-02 00:00:00','2019-01-02 00:00:00','llegaron dos laptops hay que revisarlas',3,'',1,5,''),(362,'2019-01-03 00:00:00','2019-01-11 00:00:00','PREPARARSE PARA ACTUALIZACION DE INVENTARIOS TEJACRON EL VIERNES A LAS 6 PM',2,'',1,5,''),(363,'2019-01-04 00:00:00','2019-01-04 00:00:00','generar pagi coi samantha',3,'',7,3,''),(364,'2019-01-04 00:00:00','2019-01-04 00:00:00','ana laura formatos',3,'',1,5,''),(365,'2019-01-04 00:00:00','2019-01-14 00:00:00','analizar reporte de erik tejacron',3,'',1,5,''),(366,'2019-01-04 00:00:00','2019-01-14 00:00:00','COTIZAR PILA PARA MINILAPOP TIO DE RUTH 478 100 5810',3,'',8,2,''),(367,'2019-01-04 00:00:00','2019-01-07 00:00:00','FORMATEAR ALL IN ONE, TRAMITAR LICENCIA DE ELEVENTA PAERA ABEL, INSTALAR SISTEMA ELEVENTA Y CONFIGURAR MINIPRINTER EPSON Y TICKET',3,'',9,2,''),(368,'2019-01-04 00:00:00','2019-01-22 00:00:00','PONCHO PROX JUEVES O VIERNES - CABLEAR RED PARA PONER LA OTRA COMPUTADORA EN RED.',3,'',4,6,''),(369,'2019-01-04 00:00:00','2019-01-07 00:00:00','ENTREGA COMPUTADORA DE DANIELA (ANGELICAL)',3,'',2,2,''),(370,'2019-01-04 00:00:00','2019-01-05 00:00:00','ir con la sra recomendada por roberto que le cotizo en 2 mil el lector,  y quiere el punto de venta',3,'',1,5,''),(371,'2019-01-05 00:00:00','2019-01-08 00:00:00','calle el maguey escuelita victor rosales esquina division de la calle, escuelita nuevo teatro, 5:30, ir a revisar camaras con la clienta dada de alta como alicia',3,'',1,7,''),(372,'2019-01-05 00:00:00','2019-01-07 00:00:00','ir a similares nobreak',3,'',1,5,''),(373,'2019-01-05 00:00:00','2019-01-05 00:00:00','cotizacion sra daysy',3,'',11,5,''),(374,'2019-01-07 00:00:00','2019-01-07 00:00:00','COTIZARLE A TOŃO LA SOLUCION DE CABLEADO E INSTALACION DEL SERVIDOR ',3,'',1,5,''),(375,'2019-01-07 00:00:00','2019-01-07 00:00:00','cotizar todo el punto de venta para el sr de durango',3,'',1,5,''),(376,'2019-01-08 00:00:00','2019-01-14 00:00:00','BUSCAR EL FUSIBLE DEL NOBREAK',3,'',1,5,''),(377,'2019-01-08 00:00:00','2019-01-08 00:00:00','IR A FRESNILLO POR LAS MINIPRINTER Y POR PAGO FALTANTE DE ABEL',3,'',1,5,''),(378,'2019-01-08 00:00:00','2019-01-08 00:00:00','IR POR MINIPRINTER DE JAVIER, IR POR TONERS DE TOŃO Y TONER TN450 COMPATIBLE',3,'',7,5,''),(379,'2019-01-08 00:00:00','2019-01-10 00:00:00','ir contadora monica problema internet y lentitud',3,'',9,3,''),(380,'2019-01-08 00:00:00','2019-01-08 00:00:00','cotizar contadora gloria coi y noi renta',3,'',1,5,''),(381,'2019-01-08 00:00:00','2019-01-11 00:00:00','sabado 12 pm ir con analaura e investigar lo de como aplicar los anticipos',3,'',8,5,''),(382,'2019-01-08 00:00:00','2019-01-10 00:00:00','4.- ir con martin el de la Peggy mańana jueves 4 pmque trae un problema con dos camaras, ocupa un switch y un cable para la compu que tiene al fondo',3,'',9,5,''),(383,'2019-01-09 00:00:00','2019-01-10 00:00:00','2.- ir a revisar al colegio motolinia problema con cableado de red, no llega el internet hacia el centro de computo',3,'',1,7,''),(384,'2019-01-09 00:00:00','2019-01-10 00:00:00','1.- mańana 10 am contadora de con gael',3,'',1,5,''),(385,'2019-01-14 00:00:00','2019-01-14 00:00:00','VILLELA REFACCIONES - HABLAR PARA CONFIGURAR IMPRESORA DE ETIQUETAS',3,'',2,2,''),(386,'2019-01-10 00:00:00','2019-01-14 00:00:00','ACOSTA LLANTISERVICIO - SE VENDIO EL MARTES UN TONER HP79A REVISAR SI SE FACTURA A NOMBRE DE OFELIA U HOMERO.',3,'',11,2,''),(387,'2019-01-10 00:00:00','2019-01-11 00:00:00','ESTAR LISTOS A LAS 6 PM PORQUE TEJACRON OCUPA ACTUALIZACION DE SU INVENTARIO Y LOS APOYAREMOS, INVESTIGAR corte y anticipos QUE SALGAN MARCADOS EN AUTOMATICO EN EL CORTE DE CAJA',3,'',1,5,''),(388,'2019-01-11 00:00:00','2019-01-14 00:00:00','ir con paty camaras',3,'',1,5,''),(389,'2019-01-11 00:00:00','2019-01-11 00:00:00','Instalar el facture a gloria',3,'',1,5,''),(390,'2019-01-11 00:00:00','2019-01-11 00:00:00','IR A MANOLO\'S CARNITAS A CHECAR CAMARAS',3,'',7,5,''),(391,'2019-01-11 00:00:00','2019-01-11 00:00:00','ir con sra daysy a pasar pir equipo entre 9 y 3 pm',3,'',1,5,''),(392,'2019-01-14 00:00:00','2019-01-14 00:00:00','IR A LAS 12 DEL DIA A EMPEZAR LA RED DE LA SRA DAISY',3,'',1,5,''),(393,'2019-01-14 00:00:00','2019-01-14 00:00:00','AGROFERZA - CONFIGURAR MODEM ',3,'',2,2,''),(394,'2019-01-14 00:00:00','2019-01-14 00:00:00','CONQUISTADORES - FACTURAR SERVICIO DE SAE Y FUENTE DE PODER',1,'',2,2,''),(395,'2019-01-14 00:00:00','2019-01-14 00:00:00','MINIPRINTER - IR A INSTALAR MINIPRINTER A MINISUPER DE HERMANO DE JOSE EL DEL OASIS DE LA ESTACION',3,'',2,2,''),(396,'2019-01-14 00:00:00','2019-01-24 00:00:00',' FARMACIAS SIMILARES - HACER REEMPLAZO DE IMPRESORA LASER HP P1102W',3,'',3,2,''),(397,'2019-01-14 00:00:00','2019-01-21 00:00:00','PEPE RAYGOZA - HECHAR A ANDAR LAPTOP LENOVO',2,'',2,2,''),(398,'2019-01-14 00:00:00','2019-01-14 00:00:00','a las 10 am  purina  492 218 7317 acomodar lo del punto de venta',3,'',1,6,''),(399,'2019-01-14 00:00:00','2019-01-14 00:00:00','PEPE RAYGOZA - HECHAR A ANDAR LAPTOP LENOVO',1,'',8,2,''),(400,'2019-01-14 00:00:00','2019-01-15 00:00:00','Junta para ver lo de los terrenos con la sra irma 5 pm',3,'',11,5,''),(401,'2019-01-15 00:00:00','2019-01-15 00:00:00','activar el sistema de vero mańana ( del hijo de la sra Erika )',3,'',1,5,''),(402,'2019-01-15 00:00:00','2019-01-22 00:00:00','GABY MERCADO DE ABASTOS - FACTURAR A GABY (mercado de abastos) 550 POR SERVICIO E ALTA DE EMPRESA EN FACTURE (LA FACTURA CON LOS NUEVOS DATOS DE LA EMPRESA QUE SE DIO DE ALTA',1,'',7,2,''),(403,'2019-01-17 00:00:00','2019-01-17 00:00:00','facturarle a erwin un toner 111 ya esta pagado',3,'',1,5,''),(404,'2019-01-18 00:00:00','2019-01-18 00:00:00','6.- Facturarle a tejacron el servicio de actualización de inventarios',3,'',1,7,''),(405,'2019-01-18 00:00:00','2019-01-18 00:00:00','1.- crear cotización para adan',3,'',1,5,''),(406,'2019-01-18 00:00:00','2019-01-21 00:00:00','4.- crear cotización colegio',3,'',1,5,''),(407,'2019-01-18 00:00:00','2019-01-18 00:00:00','2.- ir a cablear la red con veymar',3,'',1,5,''),(408,'2019-01-18 00:00:00','2019-01-18 00:00:00','4.- hacer factura de similares',1,'',9,5,''),(409,'2019-01-18 00:00:00','2019-01-19 00:00:00','1.- ir a llevar laptop a la sra de purina',4,'',1,5,''),(410,'2019-01-19 00:00:00','2019-01-19 00:00:00','3.- Ir por el equipo del sr de el mercado de abastos ',3,'',1,6,''),(411,'2019-01-19 00:00:00','2019-01-21 00:00:00','5.- comprar la licencia de la sra mares',3,'',1,5,''),(412,'2019-01-20 00:00:00','2019-01-22 00:00:00','1.- Conseguir el teclado de la laptop de Adan',3,'',8,5,''),(413,'2019-01-20 00:00:00','2019-01-22 00:00:00','Je.- formatear cpu de el sr de el mercado de abastos',3,'',11,5,''),(414,'2019-01-20 00:00:00','2019-01-23 00:00:00','3(A). - poner precios a toners todos y etiquetarlos',3,'',1,5,''),(415,'2019-01-20 00:00:00','2019-01-21 00:00:00','1.- instalar crack eleventa a las 10:30   a cliente foraneo',3,'',1,7,''),(416,'2019-01-21 00:00:00','2019-01-21 00:00:00','CREAR COTIZACION A JIMY',3,'',1,5,''),(417,'2019-01-21 00:00:00','2019-02-02 00:00:00','camaras geras ayudarle en dulce que ya no se ven por internet el proximo lunes',3,'',1,5,''),(418,'2019-01-21 00:00:00','2019-02-13 00:00:00','A4 NOI ASISTENTE EL DIA 13 POR LA TARDE.... HAY QUE CONFIRMAR HORARIO 3:30',3,'',1,5,''),(419,'2019-01-21 00:00:00','2019-01-22 00:00:00','KATUN - RESOLVER TEMA DE TONERS SAMSUNG 111',3,'',2,2,''),(420,'2019-01-21 00:00:00','2019-01-31 00:00:00','JL.- REFACCIONARIA VILLELA : COTIZAR CAMARA PTZ  E INSTALACION (SE REEMPLAZA POR UNA DE LAS QUE YA TIENEN)',1,'',11,2,''),(421,'2019-01-21 00:00:00','2019-01-22 00:00:00','AGROFERZA - HACER COMPROBANTES DE PAGO DE 500 Y 499..',1,'',2,2,''),(422,'2019-01-21 00:00:00','2019-01-28 00:00:00','JL VEIMAR - LLEVAR CABLE PARA IMPRESORA Y HACER LA FACTURA',1,'',9,2,''),(423,'2019-01-21 00:00:00','2019-02-11 00:00:00','JL PONCHO - LLEVAR MONITOR DE 24',1,'',2,2,'');
/*!40000 ALTER TABLE `pendientes` ENABLE KEYS */;
UNLOCK TABLES;

--
-- Table structure for table `personas`
--

DROP TABLE IF EXISTS `personas`;
/*!40101 SET @saved_cs_client     = @@character_set_client */;
/*!50503 SET character_set_client = utf8mb4 */;
CREATE TABLE `personas` (
  `id` int(11) NOT NULL AUTO_INCREMENT,
  `nombre` varchar(60) NOT NULL,
  `correo` varchar(30) DEFAULT NULL,
  `telefono` varchar(30) DEFAULT NULL,
  PRIMARY KEY (`id`),
  UNIQUE KEY `id_UNIQUE` (`id`)
) ENGINE=InnoDB AUTO_INCREMENT=12 DEFAULT CHARSET=utf8;
/*!40101 SET character_set_client = @saved_cs_client */;

--
-- Dumping data for table `personas`
--

LOCK TABLES `personas` WRITE;
/*!40000 ALTER TABLE `personas` DISABLE KEYS */;
INSERT INTO `personas` VALUES (1,'JUAN PEREZ GARCIA','juan@hotmail.com','4921301447'),(2,'MANUEL ALBERTO MARTINEZ SANCHEZ','manuel@hotmail.com','4923567884'),(3,'JESUS DE LA CUEVA RODARTE','jesus@hotmail.com','4921345678'),(4,'JOSE LUIS MONTEZ QUIŃONES','jose luis@hotmail.com','4748456789'),(5,'GILBERTO ESPARZA TORRES','gilberto@hotmail.com','4935405678'),(6,'ARACELI ORTIZ PINEDO','chelis@live.com.mx','4935495778'),(7,'BERNARDO FUENTES CORREA','berna@gmail.com','4445666732'),(8,'ANDRES PEREZ LOPEZ','ameza@yahoo.com','4445564732'),(9,'LUZ ELENA GONZALES MARES','luci@zac.gob.mx','4445564736'),(10,'MA. REFUGIO TINAJERO SANCHEZ','maref@hotmail.com','4935405578'),(11,'JUANITA DE LA ROSA SANDATE','juanis@gmail.com','4748455789');
/*!40000 ALTER TABLE `personas` ENABLE KEYS */;
UNLOCK TABLES;

--
-- Table structure for table `usuarios`
--

DROP TABLE IF EXISTS `usuarios`;
/*!40101 SET @saved_cs_client     = @@character_set_client */;
/*!50503 SET character_set_client = utf8mb4 */;
CREATE TABLE `usuarios` (
  `nombre` varchar(30) NOT NULL,
  `password` varchar(45) NOT NULL,
  `idPersona` int(11) NOT NULL,
  KEY `fkUsuarioPersona_idx` (`idPersona`),
  CONSTRAINT `fkUsuarioPersona` FOREIGN KEY (`idPersona`) REFERENCES `personas` (`id`)
) ENGINE=InnoDB DEFAULT CHARSET=utf8;
/*!40101 SET character_set_client = @saved_cs_client */;

--
-- Dumping data for table `usuarios`
--

LOCK TABLES `usuarios` WRITE;
/*!40000 ALTER TABLE `usuarios` DISABLE KEYS */;
INSERT INTO `usuarios` VALUES ('JUANADMIN','admin321',1),('MANUEL','madmin',2),('JESUS','jesus321',3),('JOSE LUIS','jl422334',4),('GILBERTO','gil4567',5),('JUANTMP','tmp1',1),('MANUELTMP','manuel',2);
/*!40000 ALTER TABLE `usuarios` ENABLE KEYS */;
UNLOCK TABLES;
/*!40103 SET TIME_ZONE=@OLD_TIME_ZONE */;

/*!40101 SET SQL_MODE=@OLD_SQL_MODE */;
/*!40014 SET FOREIGN_KEY_CHECKS=@OLD_FOREIGN_KEY_CHECKS */;
/*!40014 SET UNIQUE_CHECKS=@OLD_UNIQUE_CHECKS */;
/*!40101 SET CHARACTER_SET_CLIENT=@OLD_CHARACTER_SET_CLIENT */;
/*!40101 SET CHARACTER_SET_RESULTS=@OLD_CHARACTER_SET_RESULTS */;
/*!40101 SET COLLATION_CONNECTION=@OLD_COLLATION_CONNECTION */;
/*!40111 SET SQL_NOTES=@OLD_SQL_NOTES */;

-- Dump completed on 2020-01-01  8:18:11
